citi_id,City,Cloudiness,Country,Date,Humidity,Lat,Lng,Max Temp,Wind Speed
0,wanning,0,AT,1566944693,77,48.64,13.53,294.15,1.5
1,lyantonde,0,UG,1566944693,74,-0.41,31.15,292.9,1.49
2,ankang,69,CN,1566944693,95,32.73,108.99,290.0,0.8
3,nikolskoye,0,RU,1566944545,82,59.7,30.79,287.15,0.82
4,atambua,32,ID,1566944693,73,-9.11,124.89,297.1,6.22
5,vangaindrano,94,MG,1566944694,91,-23.35,47.6,292.3,1.69
6,torbay,75,CA,1566944694,93,47.66,-52.73,290.93,4.1
7,bergen,0,NO,1566944694,77,60.39,5.33,292.04,5.7
8,buala,100,SB,1566944694,85,-8.15,159.59,298.7,4.72
9,salta,0,AR,1566944572,44,-24.79,-65.41,301.15,3.6
10,tianpeng,99,CN,1566944694,95,28.88,112.34,297.0,2.97
11,buba,97,GW,1566944694,93,11.59,-14.99,296.8,2.33
12,urucara,22,BR,1566944694,37,-2.54,-57.76,307.5,1.14
13,bakchar,33,RU,1566944695,92,57.02,82.07,283.2,3.27
14,harper,1,US,1566944695,62,30.3,-99.24,307.15,11.3
15,rokupr,100,SL,1566944695,94,9.01,-12.95,296.6,2.12
16,dourbali,0,TD,1566944695,86,11.81,15.86,297.7,2.6
17,barrow,54,AR,1566944556,68,-38.31,-60.23,292.0,5.39
18,mamonovo,0,RU,1566944695,82,54.46,19.94,290.15,3.0
19,bom jesus,80,BR,1566944695,33,-9.08,-44.36,301.7,2.17
20,carauari,82,BR,1566944695,48,-4.88,-66.9,305.2,1.19
21,gelibolu,0,TR,1566944695,73,40.41,26.67,297.15,5.7
22,novo aripuana,81,BR,1566944696,44,-5.12,-60.38,305.4,1.09
23,te anau,75,NZ,1566944696,76,-45.41,167.72,280.6,4.5
24,sandwick,99,GB,1566944696,100,54.57,-2.89,291.48,1.5
25,saint george,20,GR,1566944696,56,39.45,22.34,295.15,0.62
26,kuusamo,0,FI,1566944696,93,65.96,29.19,285.15,1.5
27,cedar city,1,US,1566944696,10,37.68,-113.06,306.15,2.1
28,nikolayevsk-na-amure,83,RU,1566944696,84,53.14,140.72,285.1,1.66
29,limulunga,70,ZM,1566944696,45,-15.13,23.15,295.6,1.79
30,susanville,1,US,1566944697,10,40.42,-120.65,307.15,3.1
31,charyshskoye,100,RU,1566944697,88,51.4,83.56,286.4,1.21
32,marsa matruh,0,EG,1566944670,88,31.35,27.25,299.15,1.9
33,culfa,40,AZ,1566944697,41,38.95,45.63,297.15,5.1
34,cairns,66,AU,1566944697,73,-16.92,145.77,294.82,4.1
35,ghanzi,0,BW,1566944698,15,-21.7,21.65,289.9,1.5
36,luanda,75,AO,1566944698,94,-8.83,13.24,295.15,4.1
37,chicama,20,PE,1566944444,77,-7.84,-79.15,292.15,4.1
38,falun,0,SE,1566944698,82,60.61,15.63,290.37,0.5
39,nouadhibou,0,MR,1566944698,83,20.93,-17.03,296.15,4.6
40,talnakh,0,RU,1566944698,93,69.49,88.39,279.15,5.0
41,dingle,100,PH,1566944698,93,11.0,122.67,296.8,3.98
42,nouakchott,40,MR,1566944443,78,18.08,-15.98,300.15,7.2
43,komsomolskiy,1,RU,1566944698,92,67.55,63.78,273.5,5.55
44,chokurdakh,98,RU,1566944699,84,70.62,147.9,276.6,3.98
45,guanica,40,PR,1566944699,74,17.97,-66.91,303.15,5.1
46,manggar,67,ID,1566944699,92,-2.88,108.27,297.7,2.01
47,san jeronimo,2,PE,1566944542,41,-13.65,-73.37,289.5,4.73
48,goderich,88,CA,1566944699,76,43.74,-81.71,298.71,4.92
49,kosovo polje,0,BA,1566944699,77,43.8,19.29,290.15,1.74
50,alenquer,20,BR,1566944699,66,-1.95,-54.74,304.15,3.6
51,wanxian,100,CN,1566944699,95,30.8,108.39,296.5,2.18
52,bundaberg,40,AU,1566944700,100,-24.87,152.35,293.15,2.1
53,kudahuvadhoo,100,MV,1566944700,75,2.67,72.89,301.3,3.99
54,conde,10,BR,1566944700,91,-11.81,-37.61,293.2,1.76
55,burns lake,62,CA,1566944547,53,54.23,-125.76,289.9,4.26
56,jiangyou,100,CN,1566944700,76,31.78,104.73,291.9,1.21
57,steamboat springs,1,US,1566944700,15,40.48,-106.83,300.15,2.1
58,palu,82,ID,1566944640,90,-0.9,119.87,295.5,1.19
59,antofagasta,20,CL,1566944621,63,-23.65,-70.4,291.15,6.2
60,darhan,15,MN,1566944700,85,49.49,105.92,282.8,1.16
61,ugoofaaru,100,MV,1566944700,75,5.67,73.0,301.2,4.8
62,koping,25,SE,1566944701,77,59.51,15.99,292.59,0.5
63,kruisfontein,0,ZA,1566944418,75,-34.0,24.73,283.5,6.52
64,fortuna,1,US,1566944701,68,40.6,-124.16,296.48,3.1
65,san miguel de cauri,20,PE,1566944701,34,-10.1,-76.58,300.15,8.2
66,lagoa,0,PT,1566944701,60,37.14,-8.45,297.15,4.1
67,namibe,0,AO,1566944701,79,-15.19,12.15,291.8,5.37
68,preston,75,GB,1566944701,88,53.76,-2.71,291.48,1.5
69,leshukonskoye,0,RU,1566944447,91,64.9,45.76,274.7,2.24
70,mareeba,45,AU,1566944701,73,-16.99,145.42,294.82,4.1
71,saint-philippe,40,CA,1566944702,44,45.36,-73.48,298.71,5.1
72,laramie,1,US,1566944702,18,41.31,-105.59,296.48,4.6
73,merauke,84,ID,1566944702,75,-8.49,140.4,297.7,9.05
74,la romana,40,DO,1566944416,79,18.43,-68.97,304.15,6.2
75,tarko-sale,60,RU,1566944702,95,64.92,77.78,283.15,5.91
76,qaanaaq,100,GL,1566944702,90,77.48,-69.36,274.1,3.4
77,oum hadjer,100,TD,1566944702,68,13.3,19.7,300.9,1.24
78,northam,0,AU,1566944702,27,-31.65,116.67,291.15,5.1
79,grande prairie,75,CA,1566944492,55,55.17,-118.79,292.15,8.7
80,yellowknife,40,CA,1566944703,63,62.45,-114.38,290.15,4.6
81,lavrentiya,70,RU,1566944703,56,65.58,-170.99,287.1,1.05
82,nemuro,0,JP,1566944703,91,43.32,145.57,290.2,3.69
83,muros,90,ES,1566944703,93,42.77,-9.06,293.71,1.5
84,bodden town,20,KY,1566944703,70,19.28,-81.25,305.15,5.7
85,camopi,100,GF,1566944703,62,3.17,-52.33,301.1,2.29
86,longyearbyen,75,NO,1566944703,70,78.22,15.63,279.15,8.2
87,mangrol,100,IN,1566944676,88,25.33,76.51,299.4,3.04
88,port blair,90,IN,1566944445,94,11.67,92.75,296.15,3.1
89,kraskino,100,RU,1566944704,99,42.71,130.78,290.0,1.27
90,pryluky,0,UA,1566944704,81,50.6,32.39,290.9,2.89
91,tecolutla,38,MX,1566944704,83,17.31,-98.74,295.0,1.76
92,hobyo,100,SO,1566944704,78,5.35,48.53,297.6,11.49
93,bambous virieux,40,MU,1566944705,56,-20.34,57.76,295.15,4.6
94,hamilton,90,CA,1566944522,88,43.26,-79.87,296.48,7.2
95,shikarpur,0,PK,1566944705,41,27.96,68.63,306.3,1.41
96,sambava,3,MG,1566944705,95,-14.27,50.17,289.7,1.65
97,aranos,0,NA,1566944705,16,-24.14,19.11,288.0,4.7
98,ostrovnoy,97,RU,1566944464,70,68.05,39.51,278.2,6.19
99,chinsali,0,ZM,1566944705,38,-10.55,32.07,291.7,4.16
100,labuhan,100,ID,1566944705,97,-2.54,115.51,293.8,0.48
101,mwense,0,ZM,1566944705,30,-10.39,28.7,293.6,2.07
102,cape town,20,ZA,1566944705,81,-33.93,18.42,283.71,0.5
103,baghdad,0,IQ,1566944706,23,33.3,44.38,307.15,3.1
104,georgetown,20,GY,1566944564,70,6.8,-58.16,304.15,6.2
105,bud,0,NO,1566944706,93,62.91,6.91,291.15,2.1
106,maslovare,0,BA,1566944706,94,44.56,17.53,293.15,1.0
107,batangafo,90,CF,1566944706,96,7.3,18.29,294.1,0.4
108,alofi,75,NU,1566944686,94,-19.06,-169.92,297.15,3.1
109,coquimbo,0,CL,1566944706,46,-29.95,-71.34,295.15,4.1
110,gobabis,0,NA,1566944706,13,-22.45,18.97,288.15,0.52
111,denia,0,ES,1566944707,79,38.84,0.11,296.48,1.28
112,doctor juan leon mallorquin,0,PY,1566944707,45,-25.4,-55.27,301.15,2.6
113,russell,40,US,1566944707,50,38.9,-98.86,298.71,2.1
114,antalaha,9,MG,1566944707,97,-14.9,50.28,287.7,1.8
115,sovetskiy,82,RU,1566944707,89,56.76,48.47,283.0,6.82
116,ushuaia,75,AR,1566944707,48,-54.81,-68.31,279.15,11.3
117,middle island,1,US,1566944707,64,40.88,-72.94,295.15,2.1
118,payakumbuh,100,ID,1566944708,97,-0.23,100.63,291.5,1.81
119,kutum,88,SD,1566944708,70,14.2,24.66,296.4,3.45
120,chiredzi,0,ZW,1566944708,39,-21.05,31.67,297.0,3.75
121,zhangye,0,CN,1566944708,49,38.94,100.46,290.2,1.3
122,hay river,75,CA,1566944708,42,60.82,-115.79,293.15,1.0
123,comodoro rivadavia,0,AR,1566944708,57,-45.87,-67.48,284.15,6.2
124,bainbridge,40,US,1566944708,88,30.9,-84.58,299.82,2.6
125,walvis bay,0,NA,1566944708,86,-22.95,14.51,284.82,1.34
126,coolum beach,1,AU,1566944709,96,-26.53,153.09,290.37,1.03
127,ryotsu,75,JP,1566944709,100,38.08,138.43,295.15,2.6
128,coihaique,90,CL,1566944709,99,-45.58,-72.07,275.15,1.5
129,banepa,75,NP,1566944709,94,27.63,85.52,296.15,1.5
130,bulalacao,99,PH,1566944709,96,13.7,123.78,296.4,2.33
131,pemba,40,MZ,1566944709,94,-12.97,40.52,297.15,2.6
132,ambunti,98,PG,1566944709,99,-4.22,142.82,296.1,0.73
133,meulaboh,100,ID,1566944709,81,4.14,96.13,300.1,3.45
134,ust-barguzin,1,RU,1566944710,95,53.41,109.03,282.0,1.02
135,xai-xai,0,MZ,1566944710,63,-25.04,33.64,292.9,2.42
136,klaksvik,100,FO,1566944702,93,62.23,-6.59,283.15,2.1
137,codrington,90,AU,1566944632,87,-28.95,153.24,289.82,1.22
138,phitsanulok,100,TH,1566944710,94,16.82,100.26,297.4,2.18
139,tecoanapa,2,MX,1566944710,53,16.99,-99.26,305.5,1.77
140,gigmoto,100,PH,1566944710,79,13.78,124.39,301.2,6.69
141,rikitea,67,PF,1566944710,73,-23.12,-134.97,294.3,4.92
142,new norfolk,75,AU,1566944710,54,-42.78,147.06,285.15,4.1
143,martin,90,US,1566944599,94,36.34,-88.85,302.04,2.1
144,nueva loja,75,EC,1566944460,62,0.08,-76.88,306.15,2.6
145,humaita,0,AR,1566944711,44,-24.93,-65.37,301.15,3.6
146,hilo,1,US,1566944711,48,19.71,-155.08,304.15,3.6
147,north bend,1,US,1566944711,33,43.41,-124.22,312.04,3.6
148,hithadhoo,72,MV,1566944711,72,-0.6,73.08,301.6,4.21
149,aykhal,90,RU,1566944711,87,65.95,111.51,282.15,3.0
150,ilulissat,46,GL,1566944711,65,69.22,-51.1,278.15,1.0
151,anuradhapura,100,LK,1566944711,82,8.34,80.41,299.2,5.37
152,yatou,75,CM,1566944413,100,3.63,9.81,298.15,0.5
153,mataura,78,NZ,1566944712,65,-46.19,168.86,285.37,4.02
154,vanimo,84,PG,1566944712,77,-2.67,141.3,300.1,3.66
155,lata,84,IN,1566944712,92,30.78,78.62,278.3,0.74
156,cavalcante,59,BR,1566944654,29,-13.79,-47.46,296.5,2.98
157,taitung,61,TW,1566944712,82,22.76,121.15,289.6,1.38
158,zanesville,90,US,1566944712,78,39.94,-82.01,298.15,3.6
159,bredy,100,RU,1566944712,69,52.43,60.33,284.6,4.05
160,caucaia,0,BR,1566944712,74,-3.73,-38.66,300.15,5.7
161,lompoc,1,US,1566944713,64,34.64,-120.46,302.59,7.2
162,ancud,90,CL,1566944703,100,-41.87,-73.83,284.15,10.3
163,lamu,95,CN,1566944713,76,35.77,102.37,285.2,0.39
164,saint-louis,40,SN,1566944713,78,16.03,-16.5,301.15,4.1
165,vao,95,EE,1566944694,70,59.1,26.19,288.6,2.01
166,upernavik,100,GL,1566944713,64,72.79,-56.15,277.1,1.75
167,pietermaritzburg,69,ZA,1566944713,89,-29.6,30.38,290.93,0.74
168,fostoria,40,US,1566944713,38,43.24,-95.16,296.15,12.3
169,boguchany,0,RU,1566944713,86,58.38,97.46,282.2,1.97
170,karratha,8,AU,1566944714,95,-20.74,116.85,286.7,1.14
171,saint anthony,1,US,1566944714,16,43.97,-111.68,300.37,3.6
172,praia da vitoria,40,PT,1566944714,88,38.73,-27.07,296.15,3.38
173,scarborough,68,GB,1566944573,93,54.28,-0.41,293.15,3.1
174,paamiut,49,GL,1566944714,85,61.99,-49.67,279.0,11.82
175,labuan,75,BN,1566944714,88,5.28,115.24,298.15,1.5
176,rockport,40,US,1566944460,66,28.02,-97.05,307.15,8.2
177,alcantara,100,PH,1566944715,97,9.97,123.41,295.1,2.56
178,west bay,20,CA,1566944715,68,49.34,-123.21,302.15,5.1
179,cabo san lucas,5,MX,1566944574,55,22.89,-109.91,306.48,4.6
180,ngunguru,3,NZ,1566944715,70,-35.62,174.5,285.93,3.76
181,acajutla,24,SV,1566944715,70,13.59,-89.83,302.2,1.9
182,dongsheng,94,CN,1566944715,93,29.72,112.52,295.9,3.71
183,hasaki,75,JP,1566944715,100,35.73,140.83,297.59,4.1
184,vardo,75,US,1566944715,64,39.62,-77.74,299.26,4.1
185,herat,0,AF,1566944715,22,34.35,62.22,294.15,1.5
186,tanout,31,NE,1566944716,42,14.97,8.88,304.7,2.61
187,kirkland lake,75,CA,1566944716,83,48.15,-80.03,295.15,6.7
188,eyl,100,SO,1566944716,67,7.98,49.82,297.2,11.4
189,laibin,22,CN,1566944716,91,23.74,109.23,297.8,0.34
190,nioki,44,CD,1566944716,57,-2.72,17.69,300.8,2.13
191,mount gambier,75,AU,1566944716,93,-37.83,140.78,283.15,5.1
192,palmer,75,AU,1566944716,93,-34.85,139.16,283.15,3.6
193,kabare,48,RW,1566944716,93,-1.65,29.38,286.5,0.76
194,egvekinot,100,RU,1566944686,72,66.32,-179.17,284.1,2.27
195,cayenne,0,GF,1566944717,78,4.94,-52.33,301.15,3.1
196,baykit,6,RU,1566944717,91,61.68,96.39,280.1,1.66
197,goure,86,NE,1566944717,90,13.98,10.27,296.48,5.7
198,nanortalik,92,GL,1566944717,76,60.14,-45.24,279.7,1.35
199,puerto ayora,20,EC,1566944717,61,-0.74,-90.35,300.15,8.7
200,liverpool,75,GB,1566944469,88,53.41,-2.98,291.48,2.1
201,biak,93,ID,1566944690,96,-0.91,122.88,288.6,2.48
202,qianan,82,CN,1566944717,90,44.99,124.06,287.8,1.62
203,suyan,0,CN,1566944717,93,22.77,110.13,298.1,0.48
204,nome,1,US,1566944718,55,30.04,-94.42,307.15,2.6
205,geraldton,75,CA,1566944718,72,49.72,-86.95,290.15,6.2
206,sivas,0,TR,1566944718,87,39.75,37.01,285.37,3.6
207,igbo ora,100,NG,1566944718,94,7.43,3.28,296.6,3.42
208,kaoma,94,ZM,1566944718,40,-14.8,24.8,295.5,1.35
209,mabaruma,63,GY,1566944718,79,8.2,-59.78,302.3,1.33
210,erzin,0,TR,1566944718,78,36.95,36.2,300.93,3.6
211,camrose,75,CA,1566944718,45,53.01,-112.84,294.82,3.1
212,verkhnyaya inta,78,RU,1566944718,83,65.99,60.32,274.4,3.66
213,kodiak,1,US,1566944627,47,39.95,-94.76,299.26,4.1
214,sinnamary,0,GF,1566944719,79,5.38,-52.96,301.0,7.43
215,conceicao da barra,71,BR,1566944719,76,-18.59,-39.73,292.1,3.21
216,airai,7,TL,1566944625,79,-8.93,125.41,291.2,2.2
217,qiqihar,100,CN,1566944719,94,47.35,123.91,287.6,2.31
218,sola,80,TZ,1566944719,78,-3.17,33.8,293.1,2.47
219,chumikan,0,RU,1566944719,73,54.72,135.31,283.9,4.45
220,mount darwin,1,ZW,1566944719,53,-16.77,31.58,289.3,0.77
221,yulara,0,AU,1566944702,48,-25.24,130.99,279.15,3.1
222,aksarka,97,RU,1566944693,78,66.56,67.8,278.3,8.53
223,kloulklubed,75,PW,1566944720,88,7.04,134.26,299.15,2.1
224,victoria,75,BN,1566944714,88,5.28,115.24,298.15,1.5
225,roebourne,1,AU,1566944720,89,-20.77,117.15,288.5,2.35
226,nichinan,75,JP,1566944720,94,31.65,131.31,298.15,1.5
227,sorland,75,NO,1566944720,93,67.67,12.69,286.15,3.1
228,pisco,90,PE,1566944720,30,-13.71,-76.2,295.15,4.1
229,mount pleasant,1,US,1566944720,78,33.16,-94.97,304.26,3.45
230,ossora,100,RU,1566944721,98,59.24,163.07,283.3,1.36
231,hami,9,CN,1566944721,17,42.84,93.51,298.6,3.14
232,chimbote,54,PE,1566944721,87,-9.08,-78.59,288.2,3.87
233,lebu,40,ET,1566944721,93,8.96,38.73,286.15,4.1
234,namatanai,83,PG,1566944436,88,-3.66,152.44,299.0,5.81
235,putyatino,0,RU,1566944721,89,54.16,41.12,283.9,3.96
236,castro,90,CL,1566944721,100,-42.48,-73.76,284.15,10.3
237,bayir,0,TR,1566944721,73,37.27,28.22,297.15,1.0
238,podgornoye,67,RU,1566944722,95,57.79,82.64,283.1,3.19
239,shubarkuduk,100,KZ,1566944722,26,49.15,56.49,290.5,4.49
240,san quintin,100,PH,1566944722,92,17.54,120.52,297.2,1.17
241,necochea,0,AR,1566944473,73,-38.55,-58.74,291.48,3.58
242,sochaczew,0,PL,1566944722,68,52.23,20.24,298.71,4.1
243,clyde river,1,CA,1566944722,70,70.47,-68.59,281.15,5.1
244,katsuura,75,JP,1566944446,94,33.93,134.5,298.15,2.6
245,port hedland,15,AU,1566944722,100,-20.31,118.58,289.15,2.1
246,sao filipe,21,CV,1566944627,76,14.9,-24.5,300.1,2.93
247,deputatskiy,100,RU,1566944722,89,69.3,139.9,277.9,1.58
248,totma,0,RU,1566944723,84,59.98,42.76,279.3,4.45
249,fort nelson,75,CA,1566944723,48,58.81,-122.69,290.15,6.7
250,jalu,0,LY,1566944723,52,29.03,21.55,301.1,8.36
251,cockburn town,100,TC,1566944675,80,21.46,-71.14,301.5,4.79
252,ontario,20,US,1566944723,28,34.07,-117.65,311.15,6.7
253,sorong,94,ID,1566944661,91,-0.86,131.25,296.7,3.54
254,charters towers,0,AU,1566944723,97,-20.07,146.27,287.1,0.45
255,touros,40,BR,1566944723,78,-5.2,-35.46,298.15,3.6
256,imeni poliny osipenko,100,RU,1566944724,78,52.42,136.49,286.7,1.07
257,hobart,75,AU,1566944724,54,-42.88,147.33,285.15,4.1
258,viedma,100,AR,1566944586,66,-40.81,-62.99,290.6,7.37
259,huarmey,42,PE,1566944724,85,-10.07,-78.15,288.2,2.93
260,beyneu,0,KZ,1566944724,16,45.32,55.19,294.0,3.12
261,saint-joseph,0,FR,1566944724,64,43.56,6.97,300.15,2.1
262,albany,75,US,1566944704,56,42.65,-73.75,296.48,4.1
263,margate,75,AU,1566944708,54,-43.03,147.26,285.15,4.1
264,bako,100,BF,1566944724,83,12.29,-0.73,298.2,2.61
265,san patricio,0,PY,1566944627,70,-26.98,-56.83,297.3,2.01
266,padang,100,ID,1566944695,85,-0.92,100.36,298.1,4.3
267,souillac,0,FR,1566944724,88,45.6,-0.6,295.37,1.5
268,vanavara,18,RU,1566944567,90,60.35,102.28,280.4,0.92
269,wakkanai,78,JP,1566944725,79,45.41,141.67,292.2,3.59
270,paluan,100,PH,1566944725,78,13.42,120.46,300.7,5.86
271,dunedin,36,NZ,1566944567,67,-45.87,170.5,281.4,3.26
272,mikhaylovka,0,RU,1566944725,76,52.96,103.29,281.1,3.27
273,san angelo,1,US,1566944626,52,31.46,-100.44,305.15,10.3
274,yumen,0,CN,1566944447,27,40.29,97.04,293.8,5.79
275,price,1,US,1566944725,6,39.6,-110.81,304.15,4.6
276,alyangula,9,AU,1566944725,100,-13.85,136.42,289.15,2.1
277,batemans bay,21,AU,1566944725,99,-35.71,150.18,283.71,1.45
278,salinopolis,24,BR,1566944726,77,-0.61,-47.36,300.9,8.65
279,xapuri,40,BR,1566944478,55,-10.65,-68.5,305.15,0.78
280,puga,0,ES,1566944726,88,42.33,-8.01,292.04,1.0
281,iqaluit,40,CA,1566944726,66,63.75,-68.52,284.15,8.7
282,beloha,0,MG,1566944726,60,-25.17,45.06,292.0,1.26
283,kostomuksha,100,RU,1566944726,87,64.59,30.6,287.6,2.38
284,brae,100,GB,1566944726,93,60.4,-1.35,286.15,2.6
285,tuktoyaktuk,90,CA,1566944540,93,69.44,-133.03,281.15,2.6
286,ulcinj,0,ME,1566944546,42,41.93,19.22,300.15,3.6
287,youhao,67,CN,1566944726,98,47.86,128.84,285.8,0.57
288,svetlogorsk,40,RU,1566944727,71,53.14,59.15,284.15,3.0
289,camacha,40,PT,1566944727,68,33.08,-16.33,296.15,5.7
290,selma,80,US,1566944727,70,32.41,-87.02,304.26,2.87
291,nadym,100,RU,1566944727,93,65.53,72.51,280.3,14.35
292,tuatapere,47,NZ,1566944727,65,-46.13,167.69,285.37,4.02
293,verkhnevilyuysk,78,RU,1566944727,94,63.45,120.31,284.7,3.39
294,srednekolymsk,100,RU,1566944727,84,67.46,153.71,279.5,5.27
295,qaqortoq,49,GL,1566944728,57,60.72,-46.03,283.15,1.0
296,cananeia,100,BR,1566944728,95,-25.01,-47.93,290.4,0.89
297,zhigansk,100,RU,1566944728,59,66.77,123.37,287.8,2.47
298,champerico,40,MX,1566944728,52,16.38,-93.6,307.15,2.6
299,tarata,0,PE,1566944728,67,-17.47,-70.03,290.15,4.1
300,mayfield,76,GB,1566944728,93,55.87,-3.04,289.26,2.1
301,batticaloa,100,LK,1566944728,71,7.71,81.69,297.1,1.13
302,kimbe,26,PG,1566944728,90,-5.56,150.15,296.4,1.19
303,hermanus,0,ZA,1566944728,75,-34.42,19.24,283.71,6.97
304,non thai,100,TH,1566944729,89,15.2,102.07,296.9,1.27
305,apollonia,0,GR,1566944729,53,40.64,23.49,300.93,3.1
306,victor harbor,75,AU,1566944729,93,-35.55,138.62,285.37,3.6
307,fershampenuaz,94,RU,1566944729,85,53.52,59.82,282.5,3.34
308,tasiilaq,82,GL,1566944619,76,65.61,-37.64,282.15,5.1
309,gat,20,SN,1566944663,88,14.69,-16.54,301.15,3.1
310,inhambane,0,MZ,1566944729,92,-23.87,35.38,290.9,2.61
311,sayyan,84,YE,1566944729,45,15.17,44.32,297.6,0.43
312,hambantota,20,LK,1566944729,100,6.12,81.12,299.15,4.6
313,kavali,100,IN,1566944730,61,14.91,79.99,302.1,4.48
314,constitucion,75,MX,1566944730,46,23.99,-104.67,297.59,3.1
315,havre-saint-pierre,75,CA,1566944313,64,50.23,-63.6,293.15,3.1
316,vilyuysk,100,RU,1566944730,96,63.75,121.63,286.2,3.55
317,mehriz,0,IR,1566944730,16,31.58,54.44,298.15,3.1
318,rafraf,40,TN,1566944730,61,37.19,10.18,300.15,3.1
319,forssa,0,FI,1566944730,87,60.82,23.63,288.71,1.9
320,bowen,12,AU,1566944730,100,-20.01,148.25,293.71,1.0
321,maceio,20,BR,1566944730,78,-9.67,-35.74,297.15,4.1
322,tadpatri,13,IN,1566944731,66,14.92,78.02,299.1,7.48
323,ha noi,75,VN,1566944587,94,21.02,105.84,299.15,2.1
324,balabac,100,PH,1566944433,85,7.99,117.06,299.8,6.71
325,pokhara,0,NP,1566944731,59,28.21,83.99,286.3,2.24
326,bathsheba,40,BB,1566944460,79,13.22,-59.52,302.15,5.7
327,berezovyy,100,RU,1566944731,85,51.67,135.7,286.2,1.32
328,panshi,20,CN,1566944731,98,42.94,126.05,286.8,1.56
329,pangai,90,TO,1566944707,88,-19.8,-174.35,297.15,6.2
330,busselton,94,AU,1566944530,83,-33.64,115.35,280.93,6.33
331,avarua,34,CK,1566944731,65,-21.21,-159.78,298.15,5.7
332,oksfjord,100,NO,1566944732,93,70.24,22.35,285.15,1.5
333,heihe,90,RU,1566944638,100,50.24,127.51,288.15,2.0
334,norman wells,75,CA,1566944732,39,65.28,-126.83,292.15,2.1
335,kota belud,75,MY,1566944639,78,6.35,116.43,299.15,3.1
336,marawi,100,PH,1566944732,92,8.0,124.29,296.48,2.24
337,pachperwa,0,IN,1566944732,80,27.52,82.65,301.1,2.87
338,eureka,1,US,1566944439,68,40.8,-124.16,296.48,3.1
339,kamenka,4,MD,1566944732,82,48.03,28.7,289.26,2.8
340,chuy,68,UY,1566944704,93,-33.69,-53.46,286.5,2.44
341,guerrero negro,0,MX,1566944732,80,27.97,-114.04,294.8,5.04
342,berlevag,75,NO,1566944732,87,70.86,29.09,285.15,4.6
343,pitimbu,20,BR,1566944733,83,-7.47,-34.81,297.15,4.6
344,port elizabeth,20,US,1566944709,69,39.31,-74.98,298.15,3.6
345,nishihara,90,JP,1566944733,94,35.74,139.53,302.04,2.6
346,sao joao da barra,0,BR,1566944733,68,-21.64,-41.05,294.15,2.1
347,san cristobal,65,HN,1566944658,48,14.68,-86.92,302.0,4.26
348,hirara,40,JP,1566944733,94,24.8,125.28,300.15,3.1
349,coos bay,1,US,1566944502,60,43.37,-124.22,312.04,4.1
350,mecca,0,SA,1566944618,62,21.43,39.83,302.6,2.28
351,yamada,75,JP,1566944733,88,36.58,137.08,297.59,1.5
352,butaritari,48,KI,1566944579,61,3.07,172.79,302.6,1.48
353,nagato,90,JP,1566944733,94,34.35,131.14,298.15,7.7
354,narsaq,49,GL,1566944733,57,60.91,-46.05,283.15,1.0
355,kavieng,0,PG,1566944733,73,-2.57,150.8,301.3,1.72
356,haines junction,88,CA,1566944734,41,60.75,-137.51,285.8,1.35
357,shimoda,100,JP,1566944734,90,34.7,138.93,299.82,0.45
358,palmas bellas,40,PA,1566944734,88,9.23,-80.09,305.15,2.1
359,esperance,100,AU,1566944734,65,-33.86,121.89,281.15,7.2
360,kano,100,NG,1566944734,82,11.99,8.53,297.1,2.12
361,severo-kurilsk,57,RU,1566944717,93,50.68,156.12,281.8,4.63
362,tessalit,0,ML,1566944734,40,20.2,1.01,306.3,6.84
363,dayong,75,CN,1566944734,83,25.02,118.29,302.15,1.0
364,lufilufi,40,WS,1566944735,83,-13.87,-171.6,298.71,6.95
365,lagos,20,NG,1566944667,88,6.46,3.39,298.15,2.1
366,pingliang,0,CN,1566944735,90,35.54,106.68,285.7,0.9
367,barcelona,20,ES,1566944454,83,41.38,2.18,298.15,3.1
368,luang prabang,100,LA,1566944735,99,19.89,102.14,294.6,0.45
369,coxim,100,BR,1566944735,40,-18.5,-54.75,302.4,3.15
370,bonavista,100,CA,1566944735,80,48.65,-53.11,287.59,8.06
371,anahuac,24,MX,1566944735,67,26.44,-109.02,310.93,3.13
372,coahuayana,100,MX,1566944736,67,18.62,-100.35,303.3,1.06
373,soyo,0,AO,1566944736,89,-6.13,12.37,295.5,5.62
374,nanakuli,75,US,1566944736,69,21.39,-158.15,302.04,2.6
375,port lincoln,100,AU,1566944736,72,-34.72,135.86,286.2,9.36
376,east london,51,ZA,1566944465,73,-33.02,27.91,284.0,3.83
377,bandarbeyla,100,SO,1566944736,75,9.49,50.81,297.1,7.62
378,gouyave,40,GD,1566944736,79,12.16,-61.73,302.15,0.8
379,buchanan,75,LR,1566944736,94,5.88,-10.05,297.15,6.96
380,kahului,40,US,1566944736,52,20.89,-156.47,305.15,10.8
381,pochutla,20,MX,1566944736,62,15.74,-96.47,305.93,5.1
382,boralday,0,KZ,1566944737,59,43.36,76.86,290.15,2.0
383,beian,0,NO,1566944737,93,63.66,9.57,291.48,3.1
384,vavozh,64,RU,1566944737,97,56.77,51.93,282.9,3.01
385,sisimiut,99,GL,1566944547,85,66.94,-53.67,279.5,10.84
386,saskylakh,100,RU,1566944737,85,71.97,114.09,286.0,1.83
387,vestmannaeyjar,76,IS,1566944719,87,63.44,-20.27,283.3,5.02
388,banjar,100,ID,1566944737,98,-7.37,108.54,292.5,0.09
389,dese,0,IT,1566944738,78,45.53,12.3,298.15,2.6
390,abha,0,SA,1566944738,48,18.22,42.5,292.15,2.1
391,vostok,100,RU,1566944564,98,46.45,135.83,288.1,1.47
392,abu samrah,0,SY,1566944738,52,35.3,37.18,297.0,3.22
393,mar del plata,100,AR,1566944547,76,-46.43,-67.52,278.9,3.36
394,sitka,90,US,1566944738,33,37.17,-99.65,300.93,4.02
395,caraquet,90,CA,1566944738,77,47.79,-64.94,293.15,1.0
396,saldanha,3,PT,1566944620,45,41.42,-6.55,297.2,1.97
397,nedjo,99,ET,1566944738,84,9.5,35.5,286.2,0.39
398,sao jose da coroa grande,0,BR,1566944739,90,-8.9,-35.15,294.3,2.84
399,takoradi,99,GH,1566944739,88,4.89,-1.75,296.3,2.04
400,gizo,40,IL,1566944739,74,31.8,34.94,300.15,1.5
401,shache,80,CN,1566944635,66,38.42,77.24,299.82,0.89
402,punta arenas,75,CL,1566944739,52,-53.16,-70.91,280.15,9.8
403,brokopondo,20,SR,1566944739,46,5.06,-54.98,306.15,3.1
404,saint-francois,0,FR,1566944739,73,46.42,3.91,294.15,0.96
405,cartagena,0,ES,1566944739,88,37.63,-1.0,295.37,2.1
406,flin flon,75,CA,1566944621,51,54.77,-101.88,289.15,6.7
407,lasa,0,CY,1566944674,88,34.92,32.53,300.15,3.1
408,xingyi,97,CN,1566944740,97,24.19,102.82,288.8,0.77
409,vaini,11,IN,1566944740,93,15.34,74.49,296.9,1.14
410,whitehorse,75,CA,1566944740,39,60.72,-135.06,290.15,2.6
411,ayagoz,0,KZ,1566944740,69,47.96,80.43,289.4,7.67
412,hudson bay,0,CA,1566944740,47,52.86,-102.4,289.3,5.66
413,stephenville,75,CA,1566944740,88,48.55,-58.59,291.48,4.6
414,gorontalo,75,ID,1566944702,83,0.54,123.06,296.2,3.66
415,sur,0,OM,1566944740,53,22.57,59.53,299.6,3.28
416,huancavelica,59,PE,1566944740,52,-12.79,-74.97,279.8,6.41
417,luebo,90,CD,1566944741,42,-5.35,21.42,302.3,0.95
418,solok,100,ID,1566944741,98,-0.79,100.66,291.8,1.07
419,surt,0,LY,1566944741,80,31.21,16.59,300.0,7.19
420,cam ranh,40,VN,1566944741,78,11.92,109.15,301.15,2.1
421,burla,26,RU,1566944741,86,53.34,78.33,283.7,2.82
422,moron,72,HT,1566944741,77,18.56,-74.26,301.4,2.21
423,atuona,13,PF,1566944742,72,-9.8,-139.03,299.4,8.17
424,bom despacho,75,BR,1566944742,40,-19.74,-45.25,297.0,1.56
425,san giovanni la punta,0,IT,1566944742,88,37.58,15.1,298.15,0.5
426,lima,90,PE,1566944594,82,-12.06,-77.04,290.15,2.1
427,carnarvon,0,ZA,1566944742,51,-30.97,22.13,279.7,2.86
428,brigantine,1,US,1566944742,69,39.41,-74.36,296.48,4.6
429,artigas,0,BR,1566944742,84,-30.4,-56.46,293.1,3.64
430,valenca,20,BR,1566944742,95,-13.37,-39.07,291.6,1.08
431,gamba,6,CN,1566944743,67,28.28,88.52,278.5,1.14
432,ringkobing,75,DK,1566944743,88,56.09,8.24,295.37,4.6
433,markova,0,RU,1566944743,100,52.21,104.21,279.15,2.0
434,sobolevo,13,RU,1566944743,91,54.43,31.9,287.3,2.72
435,khatanga,99,RU,1566944743,90,71.98,102.47,283.8,4.6
436,la ronge,40,CA,1566944743,59,55.1,-105.3,290.15,4.1
437,rosarito,20,CO,1566944743,40,4.91,-75.23,306.15,2.6
438,arraial do cabo,0,BR,1566944744,64,-22.97,-42.02,294.15,5.7
439,port alfred,2,ZA,1566944540,71,-33.59,26.89,288.15,2.24
440,robertsport,100,LR,1566944744,91,6.75,-11.37,297.4,4.47
441,duncan,90,US,1566944635,74,34.5,-97.96,301.15,4.6
442,ahipara,100,NZ,1566944668,100,-35.17,173.16,287.04,4.4
443,luderitz,0,NA,1566944744,62,-26.65,15.16,286.15,8.2
444,benguela,58,AO,1566944744,89,-12.58,13.4,293.3,3.76
445,mount isa,0,AU,1566952551,23,-20.73,139.49,291.15,8.7
446,tarata,90,PE,1566952815,82,-17.47,-70.03,287.15,2.6
447,batavia,90,US,1566952658,83,43.0,-78.19,296.48,2.1
448,balabac,100,PH,1566952816,83,7.99,117.06,300.3,6.75
449,baykit,8,RU,1566952816,72,61.68,96.39,283.3,2.67
450,santa maria,0,BR,1566952817,43,-16.02,-48.01,295.15,3.6
451,mwense,0,ZM,1566952817,41,-10.39,28.7,291.0,1.32
452,gigmoto,100,PH,1566952818,82,13.78,124.39,301.2,7.27
453,mount darwin,0,ZW,1566952818,58,-16.77,31.58,287.6,1.18
454,barcelona,20,ES,1566952810,83,41.38,2.18,297.59,3.1
455,muros,90,ES,1566952818,93,42.77,-9.06,293.15,1.5
456,kodiak,1,US,1566952818,60,39.95,-94.76,295.37,2.1
457,pasuruan,51,ID,1566952819,71,-7.64,112.91,297.1,0.48
458,yulara,0,AU,1566952819,26,-25.24,130.99,288.15,4.6
459,qaqortoq,51,GL,1566952819,70,60.72,-46.03,280.15,2.6
460,baghdad,0,IQ,1566952819,26,33.3,44.38,306.15,4.6
461,aksarka,97,RU,1566952819,77,66.56,67.8,277.4,8.48
462,leshukonskoye,12,RU,1566952819,97,64.9,45.76,274.0,1.94
463,katsuura,75,JP,1566952820,94,33.93,134.5,300.37,0.5
464,cabo san lucas,20,MX,1566952743,51,22.89,-109.91,304.82,4.1
465,palmer,75,AU,1566952820,76,-34.85,139.16,286.48,5.1
466,namibe,0,AO,1566952820,78,-15.19,12.15,291.7,5.73
467,little current,1,CA,1566952820,83,45.98,-81.93,294.15,2.1
468,ha noi,20,VN,1566952820,83,21.02,105.84,301.15,1.0
469,pangai,75,TO,1566952821,83,-19.8,-174.35,298.15,4.1
470,san cristobal,42,HN,1566952821,63,14.68,-86.92,297.5,2.95
471,hudson bay,1,CA,1566952821,55,52.86,-102.4,288.2,4.75
472,burla,23,RU,1566952821,84,53.34,78.33,282.0,2.92
473,shubarkuduk,100,KZ,1566952821,26,49.15,56.49,289.6,3.32
474,culfa,40,AZ,1566952821,49,38.95,45.63,295.15,3.1
475,constitucion,75,MX,1566952822,56,23.99,-104.67,297.04,7.2
476,saint-louis,0,SN,1566952822,83,16.03,-16.5,300.15,2.1
477,kropotkin,33,RU,1566952822,38,45.43,40.58,294.82,4.74
478,nemuro,75,JP,1566952770,88,43.32,145.57,292.15,3.1
479,vavozh,87,RU,1566952822,96,56.77,51.93,280.6,3.68
480,meulaboh,100,ID,1566952822,80,4.14,96.13,300.0,2.72
481,manggar,89,ID,1566952823,79,-2.88,108.27,299.8,3.34
482,mayfield,84,GB,1566952823,93,55.87,-3.04,288.15,1.0
483,ulcinj,0,ME,1566952686,41,41.93,19.22,299.15,3.6
484,hobyo,94,SO,1566952823,81,5.35,48.53,297.0,10.21
485,saint-joseph,90,FR,1566952629,64,43.56,6.97,299.15,1.5
486,phitsanulok,20,TH,1566952823,94,16.82,100.26,299.15,1.0
487,sinnamary,0,GF,1566952823,77,5.38,-52.96,301.2,7.47
488,paamiut,31,GL,1566952824,85,61.99,-49.67,278.9,11.53
489,emerald,0,AU,1566952824,64,-23.53,148.16,294.82,2.6
490,atambua,70,ID,1566952824,69,-9.11,124.89,297.8,7.27
491,pemba,40,MZ,1566952824,94,-12.97,40.52,295.15,1.5
492,bethel,90,US,1566952692,76,60.79,-161.76,287.15,3.1
493,conde,20,BR,1566952824,98,-11.81,-37.61,291.9,1.4
494,berlevag,100,NO,1566952550,95,70.86,29.09,282.9,4.77
495,steamboat springs,1,US,1566952557,16,40.48,-106.83,301.15,4.1
496,duncan,40,US,1566952825,74,34.5,-97.96,301.15,3.1
497,sobolevo,7,RU,1566952825,90,54.43,31.9,285.5,2.31
498,banepa,75,NP,1566952825,94,27.63,85.52,295.15,1.0
499,nanakuli,75,US,1566952825,62,21.39,-158.15,305.15,3.1
500,husavik,100,CA,1566952825,90,50.56,-96.99,284.82,3.13
501,flin flon,14,CA,1566952826,46,54.77,-101.88,287.7,5.67
502,laramie,1,US,1566952826,13,41.31,-105.59,295.15,4.6
503,svetlogorsk,40,RU,1566952663,66,53.14,59.15,284.15,3.0
504,dourbali,1,TD,1566952826,87,11.81,15.86,297.2,2.68
505,isangel,75,VU,1566952632,54,-19.55,169.27,301.15,8.2
506,erzin,40,TR,1566952826,83,36.95,36.2,299.82,5.1
507,batagay-alyta,83,RU,1566952826,83,67.8,130.41,281.6,1.32
508,saskylakh,100,RU,1566952827,85,71.97,114.09,286.3,3.72
509,yamada,75,JP,1566952827,88,36.58,137.08,299.26,2.1
510,oksfjord,100,NO,1566952827,100,70.24,22.35,284.15,1.0
511,kabare,52,RW,1566952827,93,-1.65,29.38,285.9,0.4
512,ambunti,90,PG,1566952828,81,-4.22,142.82,300.9,0.94
513,bang saphan,75,TH,1566952828,94,11.21,99.51,298.15,1.0
514,vostok,100,RU,1566952828,97,46.45,135.83,288.3,1.12
515,cairns,40,AU,1566952601,57,-16.92,145.77,300.37,6.7
516,fostoria,90,US,1566952828,48,43.24,-95.16,293.71,8.2
517,whitehorse,75,CA,1566952828,36,60.72,-135.06,290.15,9.3
518,carnarvon,0,ZA,1566952555,56,-30.97,22.13,277.9,3.58
519,ossora,100,RU,1566952829,98,59.24,163.07,283.6,1.52
520,koping,0,SE,1566952829,82,59.51,15.99,290.37,1.5
521,zhigansk,98,RU,1566952829,48,66.77,123.37,291.6,1.97
522,coolum beach,3,AU,1566952829,66,-26.53,153.09,294.82,0.73
523,grindavik,75,IS,1566952829,93,63.84,-22.43,283.15,3.6
524,seoul,40,KR,1566952658,74,37.57,126.98,299.15,1.5
525,gaffney,90,US,1566952742,100,35.07,-81.65,296.48,2.1
526,buala,100,SB,1566952830,87,-8.15,159.59,298.8,2.72
527,sorland,56,NO,1566952830,95,67.67,12.69,285.7,4.91
528,alyangula,18,AU,1566952832,36,-13.85,136.42,299.15,4.6
529,bethanien,0,NA,1566952832,55,-26.5,17.16,276.4,0.53
530,kloulklubed,75,PW,1566952832,79,7.04,134.26,302.15,3.6
531,kavieng,7,PG,1566952832,72,-2.57,150.8,301.3,1.32
532,srednekolymsk,100,RU,1566952832,80,67.46,153.71,279.9,5.06
533,tecolutla,56,MX,1566952832,94,17.31,-98.74,292.2,1.79
534,saint anthony,1,US,1566952833,16,43.97,-111.68,300.15,1.5
535,bandarbeyla,22,SO,1566952833,65,9.49,50.81,296.9,10.82
536,pendleton,90,US,1566952833,100,34.65,-82.78,296.48,0.98
537,markova,0,RU,1566952833,87,52.21,104.21,284.15,2.0
538,bulalacao,100,PH,1566952833,93,13.7,123.78,297.9,3.05
539,bilma,7,NE,1566952834,35,18.69,12.92,305.4,3.15
540,gizo,20,IL,1566952834,78,31.8,34.94,299.15,2.1
541,talnakh,0,RU,1566952603,87,69.49,88.39,282.15,6.0
542,anahuac,15,MX,1566952834,75,26.44,-109.02,307.04,2.24
543,conceicao da barra,42,BR,1566952834,83,-18.59,-39.73,290.2,2.35
544,cam ranh,20,VN,1566952834,66,11.92,109.15,303.15,1.0
545,bud,44,NO,1566952834,87,62.91,6.91,289.15,4.1
546,beian,0,NO,1566952834,93,63.66,9.57,288.71,3.1
547,zary,6,PL,1566952835,81,51.64,15.14,294.82,0.89
548,bom despacho,92,BR,1566952835,44,-19.74,-45.25,294.7,3.78
549,san quintin,100,PH,1566952835,86,17.54,120.52,299.7,1.63
550,batticaloa,100,LK,1566952835,74,7.71,81.69,296.3,0.54
551,miandrivazo,23,MG,1566952835,79,-19.53,45.46,291.6,0.89
552,havoysund,90,NO,1566952836,100,71.0,24.66,284.15,6.7
553,oranjemund,0,ZA,1566952836,82,-28.55,16.43,286.3,10.21
554,lamu,93,CN,1566952836,84,35.77,102.37,285.3,0.39
555,port blair,90,IN,1566952672,94,11.67,92.75,296.15,2.6
556,nouadhibou,0,MR,1566952543,83,20.93,-17.03,297.15,3.1
557,saldanha,1,PT,1566952836,66,41.42,-6.55,294.2,1.23
558,kimbe,31,PG,1566952837,56,-5.56,150.15,304.6,1.13
559,moron,57,HT,1566952837,81,18.56,-74.26,300.4,0.69
560,thohoyandou,0,ZA,1566952837,39,-22.97,30.46,288.9,0.84
561,jalu,0,LY,1566952837,54,29.03,21.55,299.8,5.85
562,russell,90,US,1566952837,50,38.9,-98.86,297.15,5.03
563,torbay,40,CA,1566952838,93,47.66,-52.73,288.15,4.1
564,castro,20,CL,1566952838,87,-42.48,-73.76,281.15,3.1
565,vilyuysk,100,RU,1566952838,92,63.75,121.63,285.3,3.54
566,port lincoln,100,AU,1566952838,73,-34.72,135.86,286.3,8.66
567,maslovare,0,BA,1566952838,93,44.56,17.53,292.15,1.0
568,pitimbu,20,BR,1566952838,88,-7.47,-34.81,296.15,2.6
569,xai-xai,0,MZ,1566952839,71,-25.04,33.64,289.9,0.85
570,bathsheba,40,BB,1566952822,78,13.22,-59.52,301.15,5.7
571,clyde river,1,CA,1566952839,87,70.47,-68.59,279.15,4.6
572,luderitz,0,NA,1566952781,62,-26.65,15.16,285.15,7.7
573,bredasdorp,0,ZA,1566952546,81,-34.53,20.04,281.15,3.6
574,sitka,44,US,1566952839,38,37.17,-99.65,298.71,3.58
575,banjar,100,ID,1566952839,87,-7.37,108.54,294.3,0.53
576,kangaatsiaq,97,GL,1566952839,72,68.31,-53.46,279.5,2.36
577,hambantota,20,LK,1566952840,100,6.12,81.12,298.15,4.1
578,sovetskiy,100,RU,1566952840,86,56.76,48.47,282.2,8.55
579,pietermaritzburg,92,ZA,1566952700,84,-29.6,30.38,290.37,1.35
580,carauari,28,BR,1566952840,60,-4.88,-66.9,300.2,0.88
581,wakkanai,0,JP,1566952840,69,45.41,141.67,296.15,1.5
582,bayir,0,TR,1566952840,83,37.27,28.22,295.37,1.0
583,mataura,54,NZ,1566952840,54,-46.19,168.86,286.3,4.53
584,dikson,100,RU,1566952841,92,73.51,80.55,278.3,4.36
585,turukhansk,100,RU,1566952841,68,65.8,87.96,286.3,7.06
586,cavalcante,99,BR,1566952841,37,-13.79,-47.46,293.7,3.43
587,labuan,75,BN,1566952841,83,5.28,115.24,300.15,1.5
588,rafsanjan,0,IR,1566952841,19,30.4,55.99,288.6,2.79
589,alenquer,20,BR,1566952842,88,-1.95,-54.74,299.15,1.0
590,lavrentiya,97,RU,1566952842,56,65.58,-170.99,288.3,2.29
591,zhangye,0,CN,1566952842,44,38.94,100.46,292.0,0.96
592,aykhal,90,RU,1566952842,87,65.95,111.51,282.15,3.0
593,bonavista,100,CA,1566952842,81,48.65,-53.11,288.15,0.45
594,bredy,100,RU,1566952842,66,52.43,60.33,284.4,4.09
595,cockburn town,100,TC,1566952611,77,21.46,-71.14,301.6,4.43
596,laibin,32,CN,1566952843,85,23.74,109.23,299.6,0.62
597,portogruaro,0,IT,1566952843,78,45.78,12.84,297.04,3.1
598,mikhaylovka,0,RU,1566952843,70,52.96,103.29,283.9,4.21
599,san jeronimo,1,PE,1566952843,86,-13.65,-73.37,282.6,2.22
600,qaanaaq,100,GL,1566952843,89,77.48,-69.36,273.6,3.29
601,east london,75,ZA,1566952843,69,-33.02,27.91,284.7,4.28
602,provideniya,90,RU,1566952844,87,64.42,-173.23,284.15,5.0
603,aranos,0,NA,1566952844,31,-24.14,19.11,282.1,2.14
604,falun,30,SE,1566952844,87,60.61,15.63,288.71,1.83
605,komsomolskiy,43,RU,1566952844,92,67.55,63.78,274.0,6.39
606,huilong,97,CN,1566952844,86,31.15,106.5,297.3,1.97
607,longyearbyen,75,NO,1566952844,75,78.22,15.63,279.15,9.8
608,avarua,21,CK,1566952834,73,-21.21,-159.78,297.15,10.3
609,port elizabeth,90,US,1566952845,83,39.31,-74.98,296.15,2.6
610,antalaha,55,MG,1566952845,96,-14.9,50.28,288.3,1.78
611,doctor juan leon mallorquin,0,PY,1566952845,53,-25.4,-55.27,295.15,1.06
612,inhambane,0,MZ,1566952845,95,-23.87,35.38,289.8,1.99
613,ust-tsilma,0,RU,1566952845,96,65.44,52.15,273.3,2.12
614,batangafo,79,CF,1566952845,98,7.3,18.29,293.8,1.41
615,celestun,23,MX,1566952846,86,20.87,-90.4,301.2,10.65
616,imeni poliny osipenko,97,RU,1566952846,57,52.42,136.49,292.3,1.47
617,lata,75,IN,1566952846,89,30.78,78.62,277.9,0.74
618,saiki,75,JP,1566952846,100,32.95,131.89,297.15,4.6
619,westport,1,US,1566952683,64,41.14,-73.36,294.15,2.6
620,mehran,0,IR,1566952846,26,33.12,46.17,299.15,1.0
621,bergen,0,NO,1566952551,77,60.39,5.33,292.59,6.2
622,chuy,57,UY,1566952571,93,-33.69,-53.46,285.9,3.07
623,north bend,1,US,1566952846,56,43.41,-124.22,310.37,4.6
624,mehriz,0,IR,1566952846,17,31.58,54.44,298.15,2.1
625,rokupr,100,SL,1566952847,95,9.01,-12.95,296.4,1.99
626,northam,17,AU,1566952847,34,-31.65,116.67,291.15,4.1
627,chinsali,0,ZM,1566952847,49,-10.55,32.07,287.0,2.48
628,ostrovnoy,100,RU,1566952847,91,68.05,39.51,278.6,6.87
629,bluff,0,AU,1566952847,53,-23.58,149.07,294.4,3.98
630,mamonovo,0,RU,1566952847,87,54.46,19.94,289.15,2.0
631,saint george,0,GR,1566952848,49,39.45,22.34,296.15,2.6
632,ust-barguzin,0,RU,1566952848,88,53.41,109.03,284.5,0.88
633,sur,0,OM,1566952808,45,22.57,59.53,298.9,1.16
634,thompson,90,CA,1566952554,81,55.74,-97.86,283.15,9.3
635,brae,100,GB,1566952848,93,60.4,-1.35,287.15,8.7
636,ancud,20,CL,1566952848,87,-41.87,-73.83,281.15,3.1
637,guerrero negro,0,MX,1566952848,78,27.97,-114.04,294.8,4.92
638,tarko-sale,54,RU,1566952848,95,64.92,77.78,283.71,5.41
639,valenca,20,BR,1566952848,99,-13.37,-39.07,290.4,1.24
640,nikolayevsk-na-amure,61,RU,1566952849,46,53.14,140.72,293.7,0.91
641,makakilo city,75,US,1566952849,62,21.35,-158.09,305.15,3.1
642,rosarito,20,CO,1566952849,39,4.91,-75.23,301.15,1.5
643,hasaki,75,JP,1566952849,83,35.73,140.83,301.48,6.2
644,touros,20,BR,1566952849,83,-5.2,-35.46,297.15,2.6
645,goderich,41,CA,1566952849,84,43.74,-81.71,296.48,0.45
646,luanda,40,AO,1566952721,100,-8.83,13.24,294.15,3.1
647,takoradi,81,GH,1566952849,93,4.89,-1.75,295.8,1.44
648,cananeia,100,BR,1566952850,98,-25.01,-47.93,290.2,0.49
649,buba,86,GW,1566952850,96,11.59,-14.99,296.4,1.74
650,georgetown,20,GY,1566952850,83,6.8,-58.16,301.15,4.1
651,lasa,0,CY,1566952850,94,34.92,32.53,299.15,1.5
652,eureka,1,US,1566952692,72,40.8,-124.16,293.71,4.1
653,saint-francois,0,FR,1566952850,77,46.42,3.91,293.15,0.42
654,hamilton,90,CA,1566952786,94,43.26,-79.87,296.48,6.2
655,anuradhapura,98,LK,1566952850,83,8.34,80.41,298.9,5.2
656,pingliang,70,CN,1566952850,76,35.54,106.68,289.8,1.05
657,coquimbo,0,CL,1566952850,63,-29.95,-71.34,290.15,1.5
658,punta arenas,0,CL,1566952851,74,-53.16,-70.91,276.15,11.8
659,atuona,0,PF,1566952851,73,-9.8,-139.03,299.4,7.62
660,khatanga,100,RU,1566952851,90,71.98,102.47,283.5,4.66
661,coahuayana,89,MX,1566952852,82,18.62,-100.35,300.3,0.52
662,salalah,75,OM,1566952852,94,17.01,54.1,299.15,2.6
663,elizabeth city,75,US,1566952818,83,36.3,-76.22,297.15,4.6
664,chimbote,22,PE,1566952852,89,-9.08,-78.59,288.1,3.61
665,bom jesus,20,BR,1566952852,83,-5.99,-35.58,297.15,2.6
666,gobabis,0,NA,1566952852,14,-22.45,18.97,287.15,1.5
667,kholtoson,0,RU,1566952853,73,50.3,103.31,281.9,0.46
668,kaoma,78,ZM,1566952853,44,-14.8,24.8,294.6,0.8
669,chokurdakh,96,RU,1566952853,77,70.62,147.9,277.2,3.84
670,comodoro rivadavia,0,AR,1566952615,44,-45.87,-67.48,288.15,15.9
671,san angelo,91,US,1566952576,60,31.46,-100.44,303.71,2.68
672,new norfolk,75,AU,1566952854,70,-42.78,147.06,282.59,6.2
673,walvis bay,0,NA,1566952854,88,-22.95,14.51,284.26,1.34
674,ouadda,93,CF,1566952854,97,8.07,22.4,292.1,0.74
675,sao joao da barra,52,BR,1566952855,80,-21.64,-41.05,290.1,1.22
676,atherton,40,AU,1566952855,57,-17.27,145.48,300.37,6.7
677,nekhayevskiy,4,RU,1566952855,82,50.41,41.76,287.04,0.45
678,mahebourg,40,MU,1566952855,60,-20.41,57.7,295.15,7.2
679,bontang,100,ID,1566952855,91,0.12,117.47,296.2,1.7
680,vao,91,EE,1566952856,71,59.1,26.19,287.8,2.17
681,pisco,90,PE,1566952856,82,-13.71,-76.2,289.82,1.0
682,kushiro,75,JP,1566952856,93,43.11,144.15,292.15,4.6
683,kavaratti,100,IN,1566952856,78,10.57,72.64,300.9,9.31
684,puerto del rosario,0,ES,1566952856,83,28.5,-13.86,296.15,7.7
685,cedar city,1,US,1566952621,10,37.68,-113.06,305.93,3.06
686,boguchany,3,RU,1566952856,78,58.38,97.46,283.9,1.96
687,vaini,75,IN,1566952857,94,15.34,74.49,294.15,1.0
688,brigantine,75,US,1566952857,78,39.41,-74.36,295.15,3.1
689,tessalit,3,ML,1566952857,52,20.2,1.01,303.1,4.0
690,grande prairie,40,CA,1566952857,45,55.17,-118.79,293.15,9.8
691,hobart,75,AU,1566952818,70,-42.88,147.33,282.59,6.2
692,artigas,0,BR,1566952858,91,-30.4,-56.46,289.1,4.03
693,nouakchott,50,MR,1566952858,83,18.08,-15.98,300.15,7.2
694,labuhan,99,ID,1566952698,87,-2.54,115.51,296.1,0.58
695,martin,75,US,1566952859,83,36.34,-88.85,299.15,3.05
696,palmas bellas,92,PA,1566952859,70,9.23,-80.09,301.48,5.7
697,huancavelica,51,PE,1566952859,82,-12.79,-74.97,275.5,3.72
698,mabaruma,58,GY,1566952859,92,8.2,-59.78,298.2,2.3
699,denia,0,ES,1566952859,78,38.84,0.11,295.93,2.02
700,huarmey,9,PE,1566952859,85,-10.07,-78.15,288.2,2.71
701,iqaluit,75,CA,1566952859,71,63.75,-68.52,283.15,7.7
702,carutapera,38,BR,1566952860,82,-1.2,-46.02,298.8,2.58
703,ayagoz,0,KZ,1566952860,76,47.96,80.43,287.7,6.1
704,vangaindrano,84,MG,1566952860,93,-23.35,47.6,291.5,1.79
705,fort nelson,75,CA,1566952860,76,58.81,-122.69,286.15,6.7
706,kudahuvadhoo,100,MV,1566952860,75,2.67,72.89,301.5,4.71
707,charyshskoye,100,RU,1566952860,88,51.4,83.56,286.5,1.15
708,fershampenuaz,100,RU,1566952861,78,53.52,59.82,283.6,3.97
709,taltal,0,CL,1566952861,74,-25.41,-70.49,287.1,0.16
710,kavali,96,IN,1566952861,62,14.91,79.99,300.6,6.9
711,antofagasta,90,CL,1566952594,82,-23.65,-70.4,288.15,1.5
712,aklavik,75,CA,1566952861,51,68.22,-135.01,289.15,6.2
713,sao filipe,2,CV,1566952861,75,14.9,-24.5,299.8,2.41
714,pevek,100,RU,1566952861,95,69.7,170.27,276.0,9.5
715,tasiilaq,79,GL,1566952861,70,65.61,-37.64,281.15,5.1
716,tateyama,75,JP,1566952862,88,36.66,137.31,299.26,2.1
717,chicama,20,PE,1566952862,88,-7.84,-79.15,290.15,4.1
718,shadrinsk,96,RU,1566952862,87,56.09,63.63,280.3,3.3
719,apollonia,0,GR,1566952862,56,40.64,23.49,299.82,1.0
720,oum hadjer,85,TD,1566952862,69,13.3,19.7,299.3,2.36
721,xichang,100,CN,1566952862,94,27.88,102.25,287.3,1.56
722,dalvik,0,SE,1566952862,72,57.79,14.13,292.15,1.5
723,cartagena,0,ES,1566952863,94,37.63,-1.0,294.82,2.6
724,dayong,75,CN,1566952863,79,25.02,118.29,303.15,2.0
725,preston,75,GB,1566952712,88,53.76,-2.71,291.15,1.5
726,novyy urengoy,100,RU,1566952863,97,66.08,76.63,283.7,7.1
727,saint-philippe,90,CA,1566952863,53,45.36,-73.48,296.48,3.1
728,kirakira,100,SB,1566952569,78,-10.46,161.92,300.0,5.99
729,gorontalo,32,ID,1566952863,62,0.54,123.06,299.9,4.87
730,salinopolis,37,BR,1566952863,78,-0.61,-47.36,300.7,7.83
731,rio gallegos,0,AR,1566952620,60,-51.62,-69.22,279.15,6.2
732,tecoanapa,20,MX,1566952864,66,16.99,-99.26,304.15,3.1
733,tadpatri,24,IN,1566952864,71,14.92,78.02,297.9,6.5
734,bainbridge,1,US,1566952864,94,30.9,-84.58,299.15,2.1
735,sayyan,68,YE,1566952864,60,15.17,44.32,296.5,0.41
736,burns lake,14,CA,1566952864,35,54.23,-125.76,291.0,4.79
737,sorong,90,ID,1566952864,83,-0.86,131.25,299.3,4.35
738,boralday,75,KZ,1566952865,52,43.36,76.86,291.15,1.0
739,harper,1,US,1566952865,66,30.3,-99.24,304.15,4.6
740,benguela,43,AO,1566952865,89,-12.58,13.4,293.1,4.56
741,beloha,0,MG,1566952865,63,-25.17,45.06,290.5,0.96
742,fortuna,1,US,1566952865,68,40.6,-124.16,293.71,6.7
743,verkhnyaya inta,95,RU,1566952865,89,65.99,60.32,273.4,3.4
744,najran,0,SA,1566952866,19,17.54,44.22,300.15,1.53
745,deputatskiy,100,RU,1566952866,85,69.3,139.9,276.9,2.47
746,price,1,US,1566952866,6,39.6,-110.81,304.15,3.6
747,mar del plata,93,AR,1566952866,65,-46.43,-67.52,281.7,10.37
748,verkhnevilyuysk,97,RU,1566952866,89,63.45,120.31,285.0,3.0
749,qiqihar,99,CN,1566952867,89,47.35,123.91,289.4,5.14
750,humaita,0,AR,1566952867,56,-24.93,-65.37,294.15,2.1
751,leningradskiy,100,RU,1566952867,93,69.38,178.42,277.8,1.4
752,solok,100,ID,1566952867,99,-0.79,100.66,292.4,0.22
753,paluan,100,PH,1566952867,78,13.42,120.46,301.3,8.05
754,karratha,17,AU,1566952867,77,-20.74,116.85,292.2,1.2
755,ilulissat,86,GL,1566952769,69,69.22,-51.1,277.15,4.63
756,esperance,100,AU,1566952630,57,-33.86,121.89,284.15,6.2
757,shikarpur,1,PK,1566952867,42,27.96,68.63,305.9,1.52
758,acajutla,44,SV,1566952868,75,13.59,-89.83,302.5,4.14
759,sivas,0,TR,1566952868,93,39.75,37.01,284.26,2.6
760,abu samrah,0,SY,1566952868,62,35.3,37.18,295.7,3.8
761,luebo,76,CD,1566952868,52,-5.35,21.42,299.4,0.65
762,batemans bay,0,AU,1566952868,66,-35.71,150.18,289.26,1.79
763,tiksi,25,RU,1566952868,82,71.64,128.87,277.1,5.67
764,buchanan,75,LR,1566952868,100,5.88,-10.05,296.15,6.79
765,glushkovo,18,RU,1566952869,91,51.34,34.64,287.3,2.91
766,kano,99,NG,1566952869,88,11.99,8.53,295.6,5.35
767,salta,0,AR,1566952755,56,-24.79,-65.41,298.15,2.1
768,villa guerrero,100,MX,1566952869,97,21.98,-103.59,288.0,1.24
769,mecca,0,SA,1566952869,61,21.43,39.83,301.6,2.66
770,kosovo polje,0,BA,1566952622,72,43.8,19.29,289.15,0.5
771,wanxian,100,CN,1566952869,97,30.8,108.39,295.6,1.93
772,ugoofaaru,100,MV,1566952869,75,5.67,73.0,301.1,4.18
773,camrose,75,CA,1566952869,56,53.01,-112.84,295.93,1.5
774,hithadhoo,84,MV,1566952870,72,-0.6,73.08,301.6,4.78
775,totma,15,RU,1566952870,92,59.98,42.76,278.0,4.15
776,vanimo,88,PG,1566952870,72,-2.67,141.3,300.7,2.19
777,bundaberg,75,AU,1566952870,56,-24.87,152.35,298.71,1.0
778,necochea,79,AR,1566952870,83,-38.55,-58.74,288.71,9.39
779,la romana,20,DO,1566952871,78,18.43,-68.97,301.15,4.07
780,lima,90,PE,1566952691,82,-12.06,-77.04,290.15,2.6
781,butaritari,58,KI,1566952871,62,3.07,172.79,302.7,1.65
782,kirkland lake,20,CA,1566952871,94,48.15,-80.03,293.15,3.6
783,tanout,38,NE,1566952871,66,14.97,8.88,300.2,5.47
784,taitung,40,TW,1566952871,58,22.76,121.15,303.15,2.1
785,goure,27,NE,1566952871,91,13.98,10.27,295.93,0.45
786,airai,48,TL,1566952871,49,-8.93,125.41,298.5,0.84
787,bakchar,6,RU,1566952872,95,57.02,82.07,281.5,2.97
788,shimoda,75,JP,1566952872,88,34.7,138.93,301.15,11.3
789,susanville,1,US,1566952872,11,40.42,-120.65,308.15,2.6
790,lebu,75,ET,1566952872,93,8.96,38.73,286.15,5.1
791,nanortalik,82,GL,1566952872,93,60.14,-45.24,278.5,1.43
792,portland,1,US,1566952718,72,43.66,-70.25,292.04,3.1
793,yumen,0,CN,1566952872,28,40.29,97.04,293.4,5.68
794,nome,1,US,1566952872,74,30.04,-94.42,304.15,2.6
795,geraldton,90,CA,1566952873,93,49.72,-86.95,288.15,4.1
796,herat,0,AF,1566952873,25,34.35,62.22,287.4,2.18
797,pochutla,20,MX,1566952873,66,15.74,-96.47,304.15,1.24
798,champerico,75,MX,1566952873,62,16.38,-93.6,304.15,1.5
799,chumikan,0,RU,1566952873,56,54.72,135.31,290.1,4.17
800,mangrol,100,IN,1566952873,88,25.33,76.51,298.9,1.56
801,tuatapere,23,NZ,1566952614,72,-46.13,167.69,284.6,8.2
802,nadym,100,RU,1566952874,92,65.53,72.51,281.4,12.85
803,kapaa,1,US,1566952874,59,22.08,-159.32,305.15,5.1
804,busselton,78,AU,1566952874,54,-33.64,115.35,287.04,6.32
805,codrington,90,AU,1566952874,72,-28.95,153.24,294.15,4.6
806,charters towers,5,AU,1566952874,50,-20.07,146.27,294.3,1.23
807,bridgend,40,GB,1566952874,87,51.51,-3.58,290.37,4.1
808,lagoa,0,PT,1566952754,56,37.14,-8.45,296.15,4.6
809,caraquet,90,CA,1566952875,88,47.79,-64.94,292.15,2.07
810,ribeira grande,40,PT,1566952875,92,38.52,-28.7,295.4,4.32
811,puga,19,ES,1566952875,93,42.33,-8.01,291.48,2.1
812,sisimiut,93,GL,1566952875,85,66.94,-53.67,279.4,10.12
813,praia da vitoria,75,PT,1566952875,94,38.73,-27.07,295.15,7.37
814,lagos,20,NG,1566952876,88,6.46,3.39,298.15,1.0
815,obo,75,CF,1566952876,97,5.39,26.49,292.8,0.42
816,nishihara,75,JP,1566952876,88,35.74,139.53,303.71,1.5
817,nueva loja,27,EC,1566952876,77,0.08,-76.88,297.3,0.63
818,kandrian,20,PG,1566952876,71,-6.21,149.55,301.5,3.64
819,bowen,8,AU,1566952876,53,-20.01,148.25,298.15,5.7
820,bako,100,BF,1566952876,85,12.29,-0.73,297.6,2.66
821,beringovskiy,100,RU,1566952876,64,63.05,179.32,287.5,4.12
822,chiredzi,0,ZW,1566952877,55,-21.05,31.67,293.1,1.94
823,cuiluan,82,CN,1566952877,88,47.72,128.65,290.7,1.26
824,sambava,73,MG,1566952877,87,-14.27,50.17,291.0,1.77
825,cherskiy,99,RU,1566952877,74,68.75,161.3,279.5,8.27
826,biak,98,ID,1566952877,88,-0.91,122.88,290.6,3.03
827,rikitea,68,PF,1566952877,73,-23.12,-134.97,294.3,4.4
828,jacksonville beach,1,US,1566952878,100,30.29,-81.39,299.26,2.1
829,banfora,68,BF,1566952878,94,10.64,-4.75,295.9,1.67
830,terrace bay,64,CA,1566952878,92,48.78,-87.1,287.0,3.12
831,beyneu,0,KZ,1566952878,51,45.32,55.19,291.3,4.16
832,robertsport,92,LR,1566952878,91,6.75,-11.37,297.3,3.77
833,port hedland,19,AU,1566952878,77,-20.31,118.58,293.15,2.6
834,arraial do cabo,70,BR,1566952878,76,-22.97,-42.02,293.0,6.99
835,la ronge,40,CA,1566952878,55,55.1,-105.3,291.15,3.6
836,haines junction,54,CA,1566952879,33,60.75,-137.51,287.1,1.12
837,nikolskoye,0,RU,1566952879,81,59.7,30.79,287.59,0.98
838,coihaique,90,CL,1566952879,99,-45.58,-72.07,275.15,3.39
839,berezovyy,100,RU,1566952879,85,51.67,135.7,286.3,1.77
840,egvekinot,98,RU,1566952848,67,66.32,-179.17,285.6,3.63
841,hermanus,0,ZA,1566952879,77,-34.42,19.24,283.15,5.48
842,west bay,20,CA,1566952879,53,49.34,-123.21,301.48,3.6
843,alcantara,100,PH,1566952879,87,9.97,123.41,297.1,3.21
844,rafraf,20,TN,1566952880,54,37.19,10.18,301.15,3.1
845,luang prabang,90,LA,1566952880,94,19.89,102.14,298.15,0.6
846,lyantonde,0,UG,1566952880,81,-0.41,31.15,291.6,1.83
847,nedjo,100,ET,1566952880,84,9.5,35.5,286.2,0.43
848,ringkobing,75,DK,1566952880,94,56.09,8.24,294.26,3.1
849,hami,33,CN,1566952880,18,42.84,93.51,297.9,0.19
850,namatanai,90,PG,1566952880,87,-3.66,152.44,299.3,5.09
851,dunedin,51,NZ,1566952675,73,-45.87,170.5,283.4,1.07
852,gelibolu,0,TR,1566952881,71,40.41,26.67,297.0,7.8
853,barrow,96,AR,1566952881,80,-38.31,-60.23,291.0,7.52
854,houston,1,US,1566952615,70,29.76,-95.37,305.15,2.6
855,ryotsu,90,JP,1566952881,100,38.08,138.43,296.15,1.0
856,jamestown,53,AU,1566952717,82,-33.21,138.6,282.3,3.47
857,margate,75,AU,1566952881,70,-43.03,147.26,282.59,6.2
858,san patricio,0,PY,1566952881,77,-26.98,-56.83,292.4,2.4
859,shobara,75,JP,1566952881,88,34.92,133.05,298.15,3.6
860,mareeba,40,AU,1566952881,57,-16.99,145.42,300.93,6.7
861,surt,0,LY,1566952675,79,31.21,16.59,299.8,5.08
862,kraskino,100,RU,1566952882,98,42.71,130.78,290.6,1.47
863,kruisfontein,0,ZA,1566952882,84,-34.0,24.73,281.5,4.83
864,coxim,98,BR,1566952882,62,-18.5,-54.75,296.2,2.54
865,bambous virieux,40,MU,1566952694,60,-20.34,57.76,295.15,7.2
866,gat,40,SN,1566952882,83,14.69,-16.54,301.15,1.0
867,guanay,60,BO,1566952882,91,-15.5,-67.88,291.4,0.84
868,merauke,62,ID,1566952882,80,-8.49,140.4,297.8,9.64
869,dingle,100,PH,1566952601,95,11.0,122.67,296.9,4.12
870,putyatino,7,RU,1566952882,92,54.16,41.12,283.0,4.04
871,severo-kurilsk,44,RU,1566952883,95,50.68,156.12,282.2,4.65
872,hilo,1,US,1566952883,52,19.71,-155.08,304.15,4.6
873,souillac,16,FR,1566952883,93,45.6,-0.6,292.15,2.6
874,norman wells,75,CA,1566952883,37,65.28,-126.83,293.15,1.5
875,forssa,0,FI,1566952883,93,60.82,23.63,287.59,1.0
876,osmena,100,PH,1566952883,81,12.17,124.59,300.7,6.54
877,dese,0,IT,1566952883,78,45.53,12.3,297.59,3.1
878,xapuri,93,BR,1566952883,87,-10.65,-68.5,296.1,1.06
879,puerto ayora,20,EC,1566952884,69,-0.74,-90.35,297.15,7.7
880,panshi,23,CN,1566952884,90,42.94,126.05,291.0,2.27
881,kaitangata,88,NZ,1566952884,37,-46.28,169.85,288.15,4.02
882,kaohsiung,75,TW,1566952884,83,22.62,120.31,303.15,1.5
883,sochaczew,0,PL,1566952884,77,52.23,20.24,297.04,4.1
884,darhan,54,MN,1566952884,76,49.49,105.92,285.5,1.5
885,albany,90,US,1566952884,60,42.65,-73.75,295.37,5.1
886,zanesville,70,US,1566952885,94,39.94,-82.01,296.15,3.47
887,sevsk,16,RU,1566952885,94,52.15,34.49,286.3,1.66
888,wanning,1,AT,1566952885,82,48.64,13.53,292.59,1.0
889,middle island,1,US,1566952885,68,40.88,-72.94,294.15,1.5
890,stephenville,75,CA,1566952763,82,48.55,-58.59,290.15,4.1
891,kuusamo,0,FI,1566952665,100,65.96,29.19,283.15,0.5
892,riyadh,0,SA,1566952885,23,24.63,46.72,302.15,1.5
893,sola,16,TZ,1566952885,82,-3.17,33.8,291.8,2.21
894,ahipara,99,NZ,1566952885,82,-35.17,173.16,290.93,3.02
